{
  "analysis": {
    "total_runs": 3,
    "total_tokens": 891,
    "avg_duration": 0.32668272654215497,
    "last_run": "2025-06-12T23:51:26.217203"
  },
  "api": {
    "requests": {},
    "errors": 0
  },
  "git": {
    "commits": 0,
    "pushes": 0,
    "doc_updates": 0
  },
  "system": {
    "cpu_percent": 0.0,
    "memory_mb": 742.2890625,
    "disk_usage_mb": 3583.9028644561768
  }
}